fold,accuracy,precision,recall,f1_score
1,0.8409090909090909,0.875,0.7954545454545454,0.8333333333333334
2,0.8636363636363636,0.9210526315789473,0.7954545454545454,0.8536585365853658
3,0.8181818181818182,0.8333333333333334,0.7954545454545454,0.813953488372093
4,0.8068181818181818,0.8857142857142857,0.7045454545454546,0.7848101265822784
5,0.8863636363636364,0.8863636363636364,0.8863636363636364,0.8863636363636364
