,accuracy,precision,recall,f1_score
mean,0.8431818181818181,0.8802927773980406,0.7954545454545454,0.8344238242473414
std,0.032540502416537165,0.03146750972552335,0.06428243465332248,0.038566374792952274
