{
  "measurement_scope": "full_training_loop_all_effective_epochs_all_batches",
  "epochs_requested": 50,
  "epochs": 50,
  "batch_size": 32,
  "early_stopping": {"monitor": "val_loss", "patience": 8, "min_delta": 0.000100, "restore_best_weights": true, "best_epoch": 43, "best_val_loss": 0.347569},
  "cpu": {"time_ms": 8939.280584, "test_loss": 0.413366, "test_accuracy": 0.822917, "best_epoch": 43, "loss": [0.693469, 0.693450, 0.693434, 0.693418, 0.693399, 0.693376, 0.693347, 0.693226, 0.693079, 0.692922, 0.692724, 0.692462, 0.692116, 0.691646, 0.690983, 0.690044, 0.688652, 0.686563, 0.683323, 0.678068, 0.669605, 0.656243, 0.635162, 0.607844, 0.584157, 0.576808, 0.575448, 0.561083, 0.547851, 0.530014, 0.511167, 0.512153, 0.491362, 0.475777, 0.468648, 0.447646, 0.445877, 0.420197, 0.368961, 0.384991, 0.425939, 0.369288, 0.393154, 0.365656, 0.320922, 0.411458, 0.384424, 0.344179, 0.348580, 0.325169], "accuracy": [0.465909, 0.463636, 0.463636, 0.463636, 0.463636, 0.470455, 0.468182, 0.484091, 0.486364, 0.506818, 0.511364, 0.518182, 0.527273, 0.534091, 0.556818, 0.575000, 0.584091, 0.590909, 0.602273, 0.629545, 0.652273, 0.663636, 0.679545, 0.704545, 0.702273, 0.700000, 0.688636, 0.709091, 0.725000, 0.738636, 0.768182, 0.777273, 0.784091, 0.779545, 0.784091, 0.784091, 0.784091, 0.802273, 0.831818, 0.834091, 0.802273, 0.845455, 0.827273, 0.845455, 0.859091, 0.845455, 0.822727, 0.852273, 0.865909, 0.861364], "val_loss": [0.693131, 0.693111, 0.693093, 0.693074, 0.693049, 0.693019, 0.692944, 0.692756, 0.692589, 0.692395, 0.692136, 0.691799, 0.691336, 0.690695, 0.689806, 0.688508, 0.686595, 0.683669, 0.679040, 0.671384, 0.658973, 0.638875, 0.608423, 0.569390, 0.522537, 0.491796, 0.470897, 0.452937, 0.438867, 0.431193, 0.427709, 0.416741, 0.401968, 0.391847, 0.385660, 0.377633, 0.377190, 0.373603, 0.398817, 0.471697, 0.360987, 0.590316, 0.347569, 0.489743, 0.433861, 0.491781, 0.381393, 0.530061, 0.417764, 0.681216], "val_accuracy": [0.500000, 0.500000, 0.500000, 0.500000, 0.500000, 0.500000, 0.500000, 0.500000, 0.500000, 0.500000, 0.553191, 0.617021, 0.712766, 0.755319, 0.787234, 0.776596, 0.808511, 0.808511, 0.829787, 0.819149, 0.819149, 0.765957, 0.734043, 0.744681, 0.819149, 0.819149, 0.829787, 0.840426, 0.851064, 0.872340, 0.851064, 0.872340, 0.882979, 0.893617, 0.893617, 0.893617, 0.882979, 0.893617, 0.765957, 0.755319, 0.872340, 0.723404, 0.893617, 0.744681, 0.819149, 0.744681, 0.819149, 0.734043, 0.776596, 0.712766]},
  "cuda": {"time_ms": 487.686558, "test_loss": 0.413366, "test_accuracy": 0.822917, "best_epoch": 43, "loss": [0.693470, 0.693450, 0.693434, 0.693418, 0.693399, 0.693377, 0.693347, 0.693226, 0.693078, 0.692922, 0.692725, 0.692462, 0.692115, 0.691646, 0.690982, 0.690044, 0.688652, 0.686563, 0.683324, 0.678068, 0.669605, 0.656243, 0.635162, 0.607844, 0.584157, 0.576808, 0.575448, 0.561083, 0.547851, 0.530014, 0.511167, 0.512153, 0.491362, 0.475777, 0.468648, 0.447646, 0.445877, 0.420196, 0.368961, 0.384991, 0.425939, 0.369288, 0.393155, 0.365656, 0.320925, 0.411457, 0.384528, 0.344130, 0.349145, 0.328078], "accuracy": [0.465909, 0.463636, 0.463636, 0.463636, 0.463636, 0.470455, 0.468182, 0.484091, 0.486364, 0.506818, 0.511364, 0.518182, 0.527273, 0.534091, 0.556818, 0.575000, 0.584091, 0.590909, 0.602273, 0.629545, 0.652273, 0.663636, 0.679545, 0.704545, 0.702273, 0.700000, 0.688636, 0.709091, 0.725000, 0.738636, 0.768182, 0.777273, 0.784091, 0.779545, 0.784091, 0.784091, 0.784091, 0.802273, 0.831818, 0.834091, 0.802273, 0.845455, 0.827273, 0.845455, 0.859091, 0.845455, 0.822727, 0.852273, 0.865909, 0.859091], "val_loss": [0.693131, 0.693111, 0.693093, 0.693074, 0.693049, 0.693019, 0.692944, 0.692756, 0.692589, 0.692395, 0.692136, 0.691799, 0.691336, 0.690695, 0.689806, 0.688508, 0.686595, 0.683669, 0.679040, 0.671384, 0.658973, 0.638875, 0.608423, 0.569390, 0.522537, 0.491796, 0.470897, 0.452937, 0.438867, 0.431193, 0.427709, 0.416741, 0.401968, 0.391847, 0.385660, 0.377633, 0.377190, 0.373603, 0.398818, 0.471700, 0.360987, 0.590315, 0.347569, 0.489742, 0.433872, 0.491757, 0.381444, 0.532390, 0.419848, 0.728148], "val_accuracy": [0.500000, 0.500000, 0.500000, 0.500000, 0.500000, 0.500000, 0.500000, 0.500000, 0.500000, 0.500000, 0.553191, 0.617021, 0.712766, 0.755319, 0.787234, 0.776596, 0.808511, 0.808511, 0.829787, 0.819149, 0.819149, 0.765957, 0.734043, 0.744681, 0.819149, 0.819149, 0.829787, 0.840426, 0.851064, 0.872340, 0.851064, 0.872340, 0.882979, 0.893617, 0.893617, 0.893617, 0.882979, 0.893617, 0.765957, 0.755319, 0.872340, 0.723404, 0.893617, 0.744681, 0.819149, 0.744681, 0.819149, 0.734043, 0.776596, 0.702128]}
}
